[
  {
    "id": 1,
    "name": "Hotel Paradise",
    "location": "Jakarta",
    "price": 750000,
    "rating": 4.5,
    "image": "assets/images/hotel1.jpeg",
    "description": "Hotel bintang 5 dengan fasilitas lengkap seperti kolam renang, gym, restoran mewah, dan spa. Lokasi strategis di pusat kota Jakarta."
  },
  {
    "id": 2,
    "name": "Ocean View Resort",
    "location": "Bali",
    "price": 1200000,
    "rating": 4.8,
    "image": "assets/images/hotel2.jpeg",
    "description": "Resort tepi pantai dengan pemandangan laut yang indah. Dilengkapi restoran seafood, kolam renang, dan layanan pijat tradisional Bali."
  },
  {
    "id": 3,
    "name": "Mountain Inn",
    "location": "Bandung",
    "price": 550000,
    "rating": 4.2,
    "image": "assets/images/hotel3.jpeg",
    "description": "Penginapan nyaman dengan udara sejuk pegunungan dan suasana tenang. Tersedia sarapan gratis dan area bermain anak."
  },
  {
    "id": 4,
    "name": "Sunset Villa",
    "location": "Lombok",
    "price": 890000,
    "rating": 4.6,
    "image": "assets/images/hotel4.jpeg",
    "description": "Villa modern dengan pemandangan sunset menakjubkan. Dilengkapi private pool dan layanan breakfast in bed."
  },
  {
    "id": 5,
    "name": "CityLight Hotel",
    "location": "Surabaya",
    "price": 680000,
    "rating": 4.4,
    "image": "assets/images/hotel5.jpeg",
    "description": "Hotel bisnis yang berlokasi di jantung kota Surabaya. Menawarkan akses mudah ke pusat perbelanjaan dan transportasi umum."
  },
  {
    "id": 6,
    "name": "Green Forest Lodge",
    "location": "Bogor",
    "price": 470000,
    "rating": 4.1,
    "image": "assets/images/hotel6.jpeg",
    "description": "Lodge dengan nuansa alam dan udara segar. Cocok untuk liburan keluarga dan kegiatan outbond di tengah hutan pinus."
  }
]
